Student name,Mobile,Email,Company,Occupation,Enquiry date,Notes
Areeba Khan,0300 4182274,areeba.khan@gmail.com,,A-Level student,2026-08-02,"UK January intake, Business Management"
Hamza Tariq,+92 321 6041187,hamza.tariq@outlook.com,Indus Loom Textiles (Pvt) Ltd,Merchandiser,2026-07-19,"MBA in the UK, employer may sponsor"
Ali Raza,0333 7492336,ali.raza@gmail.com,,BS Computer Science graduate,2026-08-11,Follow up on UK January intake
Fatima Noor,03334304664,fatima.noor@yahoo.com,,BS Biotechnology graduate,2026-06-11,"Wants MS in Germany, IELTS 7.0"
Usama Sheikh,0092 345 7729014,usama.sheikh@gmail.com,,FSc pre-medical student,2026-05-27,"Canada college diploma, father will call"
Mahrukh Asif,+923008612045,mahrukh.asif@hotmail.com,,BBA graduate,2026-08-21,"Asked for Australia fee structure, budget 45 lakh"
Zeeshan Haider,0312 12 345,zeeshan.haider@gmail.com,,Accountant,2026-08-09,Interested in a UK master's after ACCA
Anum Riaz,0301-2197730,anum.riaz@gmail.com,,MBBS graduate,2026-07-03,"PLAB and UK visa, only free after 5 pm"
Waleed Aslam,0346 8230120,waleed.aslam@outlook.com,sportsline industries (pvt) ltd,Export executive,2026-06-25,
Hafsa Malik,0322 7836641,hafsa.malik@gmail.com,,A-Level student,2026-03-18,Referred by her college career counsellor
Zainab Fatima,+923038668617,zainab.fatima@outlook.com,,MBBS graduate,2026-07-26,
Talha Butt,0306 9472206,,,,2026-08-28,"Walk-in, asked about the USA F-1 visa"
Sidra Javed,+92 331 1189052,sidra.javed@icloud.com,,Lecturer,2026-05-09,PhD options in Australia
Omer Qureshi,0315 3308127,omer.qureshi@gmail.com,,Software engineer,2026-07-22,"Germany MS, needs APS guidance"
Rimsha Ahmed,00923153870088,rimsha.ahmed@gmail.com,,BS Economics graduate,2026-08-30,"Ireland September intake, IELTS pending"
Faizan Ali,0340 6047719,faizan.ali@gmail.com,,ICS student,2026-06-02,
Noor Fatima,0336 1164480,noor.fatima@outlook.com,,Pharm-D student,2026-04-12,"Ammi wants UK only, call after 7 pm"
Junaid Iqbal,4455,junaid.iqbal@gmail.com,,Civil engineer,2026-05-15,
Bilal Ahmed,03029734975,bilal.ahmed@outlook.com,,Software engineer,2026-08-14,Asked again about the F-1 mock interview sessions
Esha Khalid,0302 6395528,esha.khalid@yahoo.com,,O-Level student,2026-08-17,Malaysia foundation year
Adeel Rana,+92 305 4052297,adeel.rana@outlook.com,,Bank officer,2026-02-26,"MBA in Canada, spouse will join"
Mariam Yousaf,0341 7720183,mariam.yousaf@gmail.com,,BS Psychology graduate,2026-08-05,PTE booked for next month
Shayan Mirza,0311 3196624,shayan.mirza@gmail.com,,"BS Computer Science, final year",2026-07-29,"USA fall intake, needs scholarships"
Saba Hussain,0333 2849965,saba.hussain@gmail.com,,Parent,2026-06-19,"Daughter in A2, looking at UK and Ireland"
Kashif Mehmood,0321 3907741,kashif.mehmood@gmail.com,,Operations manager,2026-08-24,"Master's in Supply Chain, Australia"
